MolWt_label_continuous,SMILES
178.02899999999997,BrCC1=CNCOC1
166.15599999999998,[O-][N+](O)c1ccc(/C=C/O)cc1
167.164,COc1ccc(ONC=O)cc1
167.208,COCNCc1cccc(O)c1
192.238,CCCNCc1ccc(C(=O)[O-])cc1
168.192,OCOCC(O)c1ccccc1
192.178,COc1ccc(C2N=NN=N2)cc1O
163.261,NCSC1CCCC(F)C1
190.242,COC(=O)CC/C=C/c1ccccc1
178.279,CCCNCc1ccc(NC)cc1
178.275,CCCC(O)CCc1ccccc1
179.203,C/C=C/c1ccc(N)[n+](/N=N\O)c1
181.254,CCNCCCc1ccc(F)cc1
168.26100000000002,OCC(S)Cc1ccccc1
194.23,CC(C)Oc1ccc(OCC=O)cc1
166.21699999999998,COCCCC(=O)[S-]CF
181.191,OCOc1cc2c(cn1)OCCC2
178.23099999999997,CCCC(=O)c1cccc(OC)c1
185.198,CNCCOc1ccc(OF)cc1
175.18699999999998,ONc1ccc2cc(O)ccc2c1
204.269,CCCOC(=O)/C=C/c1cccc(C)c1
200.248,C1=NC(CSc2nnno2)=C[S-]1
195.198,CC(/N=C/c1ccccc1)O[N+](=O)O
200.734,CCCC[S-]c1ccc(Cl)cc1
182.183,C=CCOC(=O)c1cnn(NC)n1
162.704,CCCCCC(C)CCCl
184.245,Oc1nnc(-c2cccs2)s1
181.167,O=Cc1ccc(OCC([O-])O)cc1
189.178,N/N=C/c1ccc(-c2nnon2)cc1
182.226,C(=N/c1ccncc1)\c1ccccc1
163.18000000000004,N#Cc1cc(OCCN)ccn1
187.24,COc1ccc(C[S+](O)O)cc1
176.175,COc1ccc(-c2ncon2)cc1
207.664,NNc1ccc2ccc(CCl)cc2n1
180.207,CCCNC(=O)c1ccncc1O
164.20399999999995,OCc1ccc2c(c1)OCCC2
149.23999999999998,CCN1CSC(=O)S1
179.23799999999994,CCC/N=C/c1ccc(F)c(C)c1
178.61900000000003,Fc1cnc(SCCl)nc1
165.192,COc1ccc(/C=N/CO)cc1
172.31599999999997,CCCNCCN(CC)CCC
180.272,O[S-]CC/C=C/c1ccccc1
143.149,N#CNc1ccc(C#N)cc1
163.176,CC(=O)c1ccc(/C=N/O)cc1
172.25699999999998,CCCn1nnc(SCC)n1
166.13600000000002,Oc1ccc(C2N=NOO2)cc1
197.69,N#CCSCc1ccc(Cl)cc1
180.203,OC1CC(c2ccccc2)C(O)O1
176.175,Cc1ccc(-c2nc(=O)[nH]o2)cc1
172.26799999999997,CCCOC1CCC(O)C(C)C1
152.157,C/C=C/C(O)/N=C1\N=CN=N1
181.235,CN(C)CC(O)c1ccc(O)cc1
182.155,CN(O)c1ccc(C(=O)O[O-])cc1
189.258,Cc1ccc(/C=C/C2NCCO2)cc1
180.251,CCCNNCc1ccccc1O
175.231,NC(=O)CC/C=C/c1ccccc1
141.214,CC(C)CC/N=C/CC=O
167.208,CCOc1ccc(ONC)cc1
189.243,S=C1N=N/C(=C\c2ccccc2)N1
182.65,CC1(C)COc2cc(Cl)ccc21
193.202,NCCC(=O)c1ccc2c(c1)OCO2
179.175,Cc1cccc(/C=N/OC(=O)O)c1
190.227,N#C/C=N/OC(=S)c1ccccc1
192.262,OCN1CCN(c2ccccc2)CC1
174.247,CC(C)/C=N/N=C/c1ccccc1
199.641,Nc1ccc(NC(=O)C(N)Cl)cc1
178.18699999999998,C=COc1ccc(OC(C)=O)cc1
187.162,N#Cc1ccccc1Nc1nnno1
171.181,C[S-]c1n[nH]c2oc(O)nc12
186.218,CCNc1nc2ccccc2n1C#N
185.698,ClCCCNCC1=CC=CCC1
208.25699999999995,CC(C)c1cccc(C(O)CC(=O)O)c1
155.22199999999998,CCSc1ccc(O)cn1
138.14499999999998,N/N=C/c1ccc(F)cc1
136.19799999999995,CCNCc1ccccn1
195.193,CNOC(=O)/C=C/c1ccc(F)cc1
195.693,Clc1ccc(C2CCCNC2)cc1
157.257,NCCCCCCCCC=O
164.592,CCOC(=O)C=C(N)N=[ClH]
161.164,N#COc1ccc(/C=N/N)cc1
166.176,Cc1c(O)cccc1CC(=O)O
143.274,CCCCCCNCCC
153.141,O/N=N/COc1ccncc1
166.16000000000005,CN([O-])c1ccc(/N=N/O)cc1
212.228,Cc1ccc(-c2ccc(C(=O)[O-])cn2)cc1
148.177,CCCCCCC(=O)OF
152.19299999999998,COCc1ccc(CO)cc1
182.223,COc1ccc(C(N)N)cc1OC
145.202,CCOC(=O)CCCCN
146.23000000000002,OCCCCCCCCO
156.22899999999998,CC(C)CC(=O)C1CNNC1
195.17399999999995,O=C(O)Cc1cc2c(cn1)OCCO2
147.133,C#Cc1ccc(ON=O)cc1
184.147,CCOc1cc2c(cc1O)OOO2
152.15299999999996,NC1Cc2ccc(O)nc2O1
171.24300000000002,Cc1ccc(/C=C/CCC#N)cc1
174.247,CC(C)=N/N=C/c1ccc(C)cc1
186.218,Nc1cc(-c2ccccc2)nnc1N
187.20200000000003,Nc1ccc(/C=N/c2ccco2)nc1
196.593,N#Cc1cccc(C(=O)ONCl)c1
182.219,OCCCCc1ccc(O)c(O)c1
179.26299999999998,CCCNc1ccc(OCC)cc1
188.23,COCCc1ncnc2ccccc12
184.131,Nc1cc([N+](=O)[O-])ccc1[N+](=O)O
183.214,C(=N/c1ccccn1)\c1ccccn1
166.205,Nc1ccc2nc(O)sc2c1
166.17999999999998,CN(O)c1ccc2c(c1)OCN2
162.188,C(=C1OCCO1)c1ccccc1
140.18599999999998,NCCOC1=CCNC=C1
181.191,O/N=C/C1=CCC2OCOC2C=C1
184.289,NNc1ccc2c(c1)SCS2
164.14,O=C([O-])c1ccc(/C=N/O)cc1
210.258,COc1cccc(NC2=NOCS2)c1
187.626,CCOc1ccc(Cl)c(NO)c1
179.179,CN/N=C/c1ccc([N+](=O)[O-])cc1
180.226,NCCC1Cc2ccc(F)cc2N1
165.192,C/C=C/C1C=CC([N+](=O)[O-])C=C1
163.152,O=C([O-])/C=C/c1ccc(O)cc1
149.19299999999998,CCc1ccc(/C=N/O)cc1
177.20299999999995,Cc1ccc2c(c1)C=CN(CO)O2
184.264,CSC(N)Nc1ccc(O)cc1
181.151,O=[N+]([O-])/N=C/c1ccc(NO)cc1
191.259,N#CCSc1ccc(/C=N/N)cc1
167.16799999999998,NN/N=C/c1ccc(O)cc1O
178.22,Nc1nc(-c2cccnc2)ns1
136.194,CCc1ccc(CO)cc1
191.19,COc1ccc(Cc2nnon2)cc1
196.231,NC(=S)OCc1ccc(N=O)cc1
195.218,CCC(OC)c1ccc([N+](=O)[O-])cc1
174.20700000000005,Cc1ccc(/C=C2/N=NNN2)cc1
167.20800000000003,Nc1ccc(OCCCO)cc1
136.19399999999996,CCCOc1ccccc1
198.657,Cc1cc(N)ccc1N/N=C(\N)Cl
154.169,Nc1ccc(OCNO)cc1
156.22899999999998,C=CCCCCCOC(=N)N
159.15999999999997,COC1N=C(C)OC(F)=C1C
194.166,O=CCN([O-])OC(=O)c1ccccc1
201.225,CCc1ccc2ccc([N+](=O)[O-])cc2c1
152.62099999999998,CC(O)CC(O)CCCl
150.11699999999996,O=[N+]1N=c2ccc(O)cc2=N1
199.637,CO/N=C/c1ccc(OCCl)cc1
177.20300000000003,Cc1ccc(/C=N/CC(=O)O)cc1
178.195,COc1ccc(/C=N/N=N/N)cc1
152.19700000000003,COc1ccc(NCN)cc1
145.20499999999998,CCCc1ccc(C#N)cc1
183.638,ONC/C=C/c1ccc(Cl)cc1
201.229,CONc1cnc(-c2ccccc2)nc1
170.16199999999998,NC/N=C/c1ccc(F)cc1F
165.19199999999998,CC(/C=N/OO)c1ccccc1
203.694,OCNSCc1ccccc1Cl
184.242,C1=CNN(/C=C/c2ccccc2)C=C1
159.188,C#C/N=C/c1ccc(OC)cc1
193.206,CC/N=C/c1ccc(N)c([N+](=O)[O-])c1
204.276,CCSc1n[n+](C)c(C(=O)[O-])s1
208.644,O=C(O)/C=C/C=C/c1ccc(Cl)cc1
174.03,Cl/N=C/c1ccc(Cl)cc1
173.155,O=[N+]1C=C2C=C3N=NN=C3CC2=C1
163.176,O=C1CC(c2ccccc2)ON1
183.598,O/N=N/N=C/c1ccc(Cl)cc1
200.201,O=C(Nc1ncccn1)c1ccccn1
173.241,CCCCSc1n[nH]c(O)n1
180.207,CCNc1ccc(C(=O)NO)cc1
179.219,Oc1ccc(C2CNCCO2)cc1
151.20899999999995,CON(C)Cc1ccccc1
153.137,O=C(O)Nc1cccc(O)c1
180.207,CCOc1ccc(/C(N)=N/O)cc1
147.177,CC(=O)/N=C/c1ccccc1
207.298,CCNC1C=C(c2ccccc2)SO1
150.18099999999998,CCc1cc(C)ncc1N=O
168.19199999999998,CCOC1C=CC(OC)=CC1=O
176.219,CC1=NC2=CC(=O)NC(C)C2C=C1
179.219,CCNC(=O)Cc1ccc(O)cc1
177.207,CC(=O)NC1Nc2ccccc2N1
193.246,ON1CCOC(Cc2ccccc2)C1
158.19699999999995,COC(=O)C/C(O)=C/C(C)C
184.238,COc1ccc(-c2ccccc2)cc1
166.176,O=C(CCO)Oc1ccccc1
196.338,C1CCN(CCC2CCCCN2)CC1
185.61,NC(=O)OCc1ccc(Cl)cc1
142.11399999999998,OCc1nnc(O)cc1O
185.654,CN(C)COc1ccc(Cl)cc1
144.561,COc1ncc(Cl)cn1
208.28,CCNCCC/N=C/c1cccc(F)c1
186.638,OCC(O)Cc1ccc(Cl)cc1
194.234,NCCCNc1ccc(C(=O)O)cc1
178.19099999999997,ONc1ccc2c(c1)C=NC(O)C2
199.661,CCN1c2cc(Cl)ccc2O[NH+]1C
191.23,O=C(O)CCC/C=C\c1cccnc1
182.175,COCOc1ccc(C(=O)O)cc1
189.25800000000004,C/C(=N\C1CCCO1)c1ccccc1
189.258,C=CC1CCC(c2ccccn2)OC1
194.255,C=CC[S-]c1ccc2c(c1)OCO2
181.191,COc1cccc(/C=N/COO)c1
170.599,O/C=N/Nc1cccc(Cl)c1
175.29699999999997,CCCCOC(=S)NCCC
172.191,Cc1cnc(-c2ccccn2)nn1
198.678,S=CN/N=C/c1ccc(Cl)cc1
182.606,O=C(O)/C=C/c1ccc(Cl)cc1
159.192,N=C/C=N/N=C/c1ccccc1
185.23,C/N=C(\C)c1cc2ncccc2cn1
146.173,N#[N+]N/C=C/c1ccccc1
159.214,COCNc1ncc(N)s1
163.184,CC/N=N/N=N/c1ccncc1
193.178,COc1cccc(C(=O)CC(=O)[O-])c1
201.23300000000003,Cc1ccc(N/N=C/c2ncn[nH]2)cc1
191.274,Cc1cccc(NC2CCCOC2)c1
199.209,O=NOc1ccc(-c2ccccc2)cc1
146.186,CCOC(=O)CCCCO
178.23499999999996,CCCOc1ccc(/C=N/N)cc1
170.23299999999998,OCSc1cccc(CO)c1
184.238,Cc1cc(-c2ccccc2)ccc1O
184.20200000000003,C(=N/c1ccncn1)\c1cccnc1
176.21499999999995,COC(=O)/C=C/c1ccc(C)cc1
144.21399999999997,CCCOCC1CCCO1
163.176,COc1ccc(/C=N/C=O)cc1
163.18,NC(=O)N/N=C/c1ccccc1
186.188,COC(=O)c1cc(OC=O)cs1
161.16400000000002,Cc1ccc(-c2nnon2)cc1
182.248,Cc1cc2c(nc1O)SCCN2
182.198,CNCO/N=C/c1ccccc1F
194.194,COc1ccc(/C=N/N=N/N)cc1O
166.651,CC/C=C/c1ccc(Cl)cc1
177.24699999999996,CC/N=C(\C)c1ccccc1OC
187.582,COc1cnc(Cl)c(C(=O)O)c1
198.225,Oc1ccc(/C=C/c2ccncn2)cc1
183.296,CCC([SH2])c1ccc(OC)cc1
175.191,COc1ccc(/C=N/NC#N)cc1
180.271,CC[NH2+]Cc1ccc(OCC)cc1
147.17700000000002,COc1ccc(CC#N)cc1
164.16799999999998,NC(=O)N/N=C/c1ccncc1
178.14700000000002,Cc1ccc2nc([N+](=O)[O-])oc2c1
167.639,NC/C=C/c1ccc(Cl)cc1
177.203,CCOC(=O)/C=C/c1cccnc1
180.272,C/C=C/c1cccc(SCO)c1
167.16400000000002,COc1ccc(/C(O)=N/O)cc1
178.13999999999996,COCCOC(=O)C1COOO1
167.20799999999997,CNCc1ccc(OC)cc1O
188.19000000000003,O/C(=C\c1nn[nH]n1)c1ccccc1
181.216,COc1ccc2nc(O)sc2c1
192.214,COC(=O)/C=C/c1ccc(OC)cc1
189.214,OCCc1cc(O)c2ncccc2c1
184.691,C/C=C\[S-]c1ccc(Cl)cc1
140.14999999999998,CCn1ncc(NN=N)n1
198.653,COCCc1ccc(N=N[Cl-])cc1
198.225,Oc1cccc(/C=C/c2ccccn2)n1
167.20799999999997,CCCOc1ccc(ON)cc1
202.278,O[S-]c1ccc(-c2ccccc2)cc1
170.28099999999998,CCCSc1[nH]nc(C)c1C
167.16400000000002,Nc1ccc(C(O)C(=O)O)cc1
179.22299999999998,C=NNC(N)Oc1ccc(C)cc1
194.259,COc1ccc2nc(CN)sc2c1
162.152,N#CNC(=O)c1ccnc(N)c1
160.26,CCCC/C=C/c1ccccc1
178.18699999999998,Cc1ccc2c(c1)CC(C(=O)O)O2
192.243,Cc1nc(-c2ccc(O)cc2)ns1
194.259,Cc1ccc(C2=NOC(N)S2)cc1
187.626,CNCOc1cc(Cl)ccc1O
203.27,c1ccc2sc(C3N=NCN3)cc2c1
202.209,C=CC(=O)OC(=O)/C=C/c1ccccc1
138.59400000000002,COC(O)CCCCl
176.219,CC(=O)N/N=C/c1cccc(C)c1
179.26300000000003,Cc1cccc(CNCC(C)O)c1
188.186,COC(=O)c1ccc(/C=N/C#N)cc1
179.179,NC(=O)c1ccc(/C(N)=N/O)cc1
146.171,CSC1NC(=O)NC1=O
173.175,O=Nc1ccn(-c2ccccc2)n1
188.234,CNc1ccc2nc(NC)ncc2c1
178.235,COc1ccc(/C=C/CNN)cc1
200.237,COc1ccc(-c2ccc(O)cc2)cc1
210.624,OCn1nnc(-c2ccc(Cl)cc2)n1
147.00400000000002,Clc1ccc(Cl)cc1
185.204,O=C(O)c1ccc(SCO)nc1
173.175,N#CC(=O)N/N=C/c1ccccc1
172.22399999999996,O=C(O)CCCC1CCCOC1
153.18099999999998,C=CCCc1ccc(NO)o1
179.19899999999998,CNNc1ccc(C(=O)[O-])cc1C
174.247,CCCCc1nc2ccccc2[nH]1
194.23,COc1ccc2c(c1)COC(CO)C2
153.161,NCOc1ccc(N[O-])cc1
169.611,OC/N=C/c1cccc(Cl)c1
149.19299999999998,CNC(=O)Cc1ccccc1
179.17499999999998,O=[N+]([O-])c1ccc(/C=C/CO)cc1
181.166,CO/N=C/C(=O)c1ccc(F)cc1
184.195,CNCOOc1ccc(NO)cc1
145.18699999999998,COC1=C[S-]C(NN)=N1
185.23,Cc1ccnc(Nc2ccccn2)c1
189.258,O=Cc1ccc(C2CCCCN2)cc1
167.16400000000002,COc1ccc(C[N+](=O)[O-])cc1
172.224,COC1CCC(C(=O)O)C(C)C1
163.21999999999997,C=C(O)c1ccc(CCN)cc1
177.247,CCNCCc1ccc(C=O)cc1
195.218,CC(C)Oc1ccc(NC(=O)O)cc1
158.15699999999998,COCC(=O)NC(O)CC#N
162.23199999999997,CCCCc1ccc(C=O)cc1
174.67499999999995,ClNC/N=C/C1CCCCC1
186.25099999999992,COC(=O)OC(C)C1CCCCC1
167.16400000000002,NC(=O)OCc1ccc(O)cc1
166.17999999999998,NNCOc1ccc(C=O)cc1
172.21300000000002,Cc1nnc(N/N=C/CO)s1
155.15699999999998,CCCn1ncc(C(=O)O)n1
151.20899999999995,CCNCc1ccc(O)cc1
151.16899999999998,N=CCN(O)c1ccncc1
198.225,O=NNc1ccc(-c2ccccc2)cc1
173.219,N#CCC1Cc2ccccc2N1N
198.693,CCCCOCc1cccc(Cl)c1
191.23,O=C(Nc1ccccc1)C1CCCO1
163.22,Nc1cccc(/C=C/CCO)c1
191.23,CC(C)NC(=O)C(=O)c1ccccc1
183.182,CCNc1ccc(C(=O)OF)cc1
173.66799999999998,NCSc1ccccc1Cl
159.192,Cc1ccc(-c2nc[nH]n2)cc1
145.202,COC(=O)C(N)CC(C)C
167.592,CC(O)CC(Cl)NC(=O)O
166.22000000000003,OCC(O)CCc1ccccc1
181.167,O=C([O-])c1ccc(OCCO)cc1
204.207,COOC(=O)c1snc(N)c1CO
167.23299999999998,CC(=O)Sc1cccc(N)c1
193.202,CCOc1ccc(/C=N/C(=O)O)cc1
156.26899999999995,CCCCOC1CCCCC1
176.263,Cc1ccc(N2CCNCC2)cc1
162.19199999999998,CC(=O)/C=N/Cc1ccncc1
151.165,C/C=C/c1ccc(OO)cn1
185.61,COO/N=C/c1ccc(Cl)cc1
178.19500000000002,N=C(/N=C/c1ccc(N)cc1)NO
185.659,[SH]#[N+]/N=C/c1ccc(Cl)cc1
183.28,Cn1cnnc1[S-]C1CCCC1
146.19299999999996,CN(C)c1cccc(C#N)c1
165.236,COc1ccc(C(C)(C)N)cc1
181.235,COCCNc1ccc(OC)cc1
139.15799999999996,Cc1nnc(O)c(C)c1N
183.27600000000004,COSCNCc1ccccc1
171.583,O=C(O)Nc1ccc(Cl)cc1
157.21599999999998,C#CNc1ccc(/C=C/C)cc1
197.601,O=C([O-])N/N=C/c1ccc(Cl)cc1
175.18699999999998,C=C/C=C/c1ccc([N+](=O)[O-])cc1
198.251,CCCSc1nccc([N+](=N)[O-])n1
192.262,CNCCc1ccc2c(c1)OCCN2
196.202,COC(=O)COc1ccccc1OC
181.214,Cc1cccc(/N=C/C(N)NF)c1
186.218,Cc1ccc(-c2cnc(N)nc2)nc1
174.203,COc1ccc(/N=C/CC#N)cc1
177.15899999999996,O=[N+]([O-])c1ccc2c(c1)OCC=C2
169.611,N/C(O)=C\c1ccc(Cl)cc1
160.19299999999998,CC(C)C(O)NCCC(=O)[O-]
183.638,NC(O)/C=C/c1ccc(Cl)cc1
179.21899999999997,CCC1Nc2ccc(OC)cc2O1
171.199,Oc1ccc(-c2ccncc2)cc1
164.208,CN/N=C/c1ccc(OC)cc1
158.108,O=[N+](O)c1ccc(F)c(O)c1
177.20699999999997,NC(=O)C/N=C/c1ccc(N)cc1
153.18099999999998,CONc1cccc(OC)c1
189.258,COc1ccc(/C=C2/CCCN2)cc1
199.637,CCc1ncc(C(=O)OC)cc1Cl
153.161,CNc1ccc([N+](=O)O)cc1
174.152,COCC1OO/C(=C/C(C)=O)O1
177.203,COc1ccc(C2=NCCO2)cc1
166.13600000000002,Nc1ccc(C2=NOOO2)cc1
192.262,CC(C)Oc1ccc(/C=N/CN)cc1
195.203,c1ccc([S-]Oc2nnon2)cc1
186.138,COC(=O)OOc1cccc(F)c1
185.61000000000004,O/C(=N\OCCl)c1ccccc1
185.629,Fc1ccc(/C=C/CCCl)cn1
150.18099999999998,C/N=N/c1ccc(OC)cc1
202.084,CN1CCc2cc(Cl)c(Cl)cc21
161.22799999999998,Nc1ccc(/C=C/CC=[NH2+])cc1
176.17900000000003,Nc1ccc(-c2nc(N)no2)cc1
181.26,COC(=N)CSc1ccccc1
190.202,O/N=C/C1=CC2CC=C(O)N=C2C=C1
192.609,N=C1N=NC(c2ccc(Cl)cc2)=N1
139.11800000000002,OC/N=N\c1cnnnc1
174.24299999999997,C=C/C=C/c1cccc(CCO)c1
179.17499999999998,O=C1NCC(c2ccc(O)cc2)O1
178.17099999999996,C/N=N/N=C/c1ccc(O[O-])cc1
155.22599999999997,CCNc1nc(C=N)cs1
204.253,C[n+]1c(NCCO)ncc2ccccc21
200.201,Nc1cc(-c2nc3ccccc3o2)n[nH]1
166.18,COc1ccc(/C=N/NO)cc1
172.11499999999998,NOC(=O)c1ccnc(OF)c1
144.21399999999997,CCCCCC1COCO1
178.231,COc1ccc(/C=C/C(C)O)cc1
210.327,CSc1c(C)cnc2sc(C)nc12
176.26300000000003,Cc1cccc(CCCCN=N)c1
180.247,Cc1ccc(OCCCO)cc1C
191.186,CC(=O)/C=C/c1ccc([N+](=O)[O-])cc1
201.26899999999995,O=C(/C=C/c1ccccc1)N1CCCC1
173.25899999999993,C=CCc1cccc(/C=N/CC)c1
175.23100000000002,Cc1ccc2c(c1)CC(NO)C=C2
165.16699999999997,CC(=O)/N=C/c1ccc(F)cc1
210.27600000000004,Cc1ccc(/C(O)=C/c2ccccc2)cc1
184.26,CCc1ccc(SC)cc1OO
187.272,CCSc1nn(CC)nc1NN
176.179,OCC1=NC(c2ccccn2)N=N1
177.20299999999995,C=CCC(=O)Oc1cccc(N)c1
159.214,CC[S-]c1ncn(CO)n1
206.636,Clc1ccc(/C=C/c2nnn[nH]2)cc1
176.215,OCCCc1coc2ccccc12
156.572,O/N=N/c1ccc(Cl)cc1
168.19199999999998,COCCOc1ccccc1O
180.163,NC(=O)Oc1ccc(/C=N/O)cc1
188.311,CCCCCCOCC(O)CCC
143.22999999999996,CN1CCC(CCO)CC1
153.13699999999997,O=C(CO)c1ccc(O)nc1
168.244,CCCCNc1nnc(C)n1C
144.17,CCCCC(=O)CC(=O)O
196.617,Cc1cc(/C=[N+]2\N=NO2)ccc1Cl
178.18699999999998,COc1ccc(/C=C/C(=O)O)cc1
172.187,C(=C/c1cnon1)\c1ccccc1
170.18699999999998,CNNCOc1ccc(F)cc1
194.242,CCCNCCc1nn2ncnc2[nH]1
161.15699999999995,O/N=C(\O)C1CC(O)CCO1
180.678,C=CCCCc1ccc(Cl)cc1
202.206,CCCOC(=O)COC(=O)/C=C/OC
150.15699999999998,NCc1ccc(C(=O)[O-])cc1
152.197,ONCNCc1ccccc1
180.207,COc1cc(/C=C/NN)ccc1O
142.13299999999998,CNOc1ccc(F)cn1
188.19400000000005,C(=N/Nc1nnn[nH]1)\c1ccccc1
183.24,CC(=S)/C=C1/C=NN(NN)C=N1
166.18,N/N=C/c1ccc(OCO)cc1
182.194,COC(=O)CCc1ccc(F)cc1
158.24499999999998,CCC(O)NN1CCCCC1
181.147,OC/N=C/c1ccc2c(c1)OOO2
151.253,CCCCCCC/C=C/C#N
171.23999999999998,C1CCC(N2CCOCO2)CC1
177.167,Nn1nnc(-c2ccc(O)cc2)n1
191.274,c1ccc(NCCC2CCCO2)cc1
181.166,N=C(/C=C/c1cccc(F)c1)OO
201.273,CCCNc1ncc2cc(C)ccc2n1
197.24100000000004,Cc1ccc(/N=C/c2cccnc2)nc1
193.202,COc1ccc(C2=NOC(C)O2)cc1
178.191,Cc1cccc(/C=N/NC(=O)O)c1
162.23600000000002,c1ccc(CN2CCCN2)cc1
199.681,CC(CN)COc1ccc(Cl)cc1
178.235,CN(C)C/N=C/c1ccc(O)cc1
194.278,CCNCNCc1ccc(OC)cc1
191.259,CNc1nc(-c2ccccc2)ns1
162.232,COCC/C=C/c1ccccc1
148.16899999999998,N/N=N/N=C/c1ccccc1
173.26000000000002,CNCCOCCC/C=N/NC
177.228,c1ccc(Sc2ncco2)cc1
162.23599999999996,CCCc1ccc(/C=N/N)cc1
190.29,c1ccc(NCN2CCCCC2)cc1
178.235,CCNOc1ccc(/C=N/C)cc1
177.24699999999996,CCC/N=C/c1ccc(OC)cc1
204.254,Oc1ccc(-c2ccc(=S)[nH]n2)cc1
169.65500000000003,ClCCCNc1ccccc1
166.18000000000004,Nc1ccc(NC(=O)CO)cc1
181.666,CCC/N=C/c1ccc(Cl)cc1
177.247,OC1CCC(c2ccccc2)NC1
179.26299999999998,CNC(C)COc1ccc(C)cc1
180.207,CN(CO)c1ccc(C(N)=O)cc1
182.223,COOC(C)Cc1cc(N)ccn1
184.666,Cc1ccc(CCC(O)Cl)cc1
165.148,COc1ccc2o[nH]c(=O)c2c1
153.206,O[S-]/N=C/c1ccccc1
166.136,O=[N+]([O-])/N=C(\O)c1ccccc1
182.654,N/N=C/CCc1ccccc1Cl
176.26299999999998,CCCCc1cccc(/C=N/N)c1
196.202,OOc1ccc(C2OCCCO2)cc1
197.15,O=C1N=C(N2CCCOC2=O)C(=O)N1
168.241,O/C=C/CSc1cc[nH+]cc1
194.234,CCCCC(=O)c1ncnc(C)c1O
210.28000000000003,C/C(=C\c1ccc(C)nc1)c1ccccn1
191.234,C/N=C/C(C)=N\Cc1cccc[n+]1[O-]
176.17499999999998,COc1cccc(NC(=O)C#N)c1
146.149,N#Cc1ccc(/C=N/O)cc1
165.28699999999998,CC1SCNC(NN)S1
145.24599999999998,CCCCOCCCCN
171.203,C(=C/c1nnc[nH]1)\c1ccccc1
148.205,Cc1ccc(CCC=O)cc1
149.18999999999997,N/C=C/SCC(=O)CF
181.151,N/N=C/c1ccc([N+](=O)[O-])c(O)c1
196.206,COC(=O)NCc1cc(OC)ccn1
182.223,CNCCOc1cnccc1OC
187.582,OCN1OOc2cc(Cl)ccc21
197.237,O/C(=C\c1ccccc1)c1ccncc1
182.266,C1=CC(/C=C/c2ccccc2)C=CC1
169.155,Oc1ccc(/C=N/COF)cc1
196.593,Oc1nnc(-c2ccc(Cl)cc2)o1
192.28699999999995,CCCc1ccc2c(c1)[S-]C(N)=N2
193.275,C/N=N/N=C/c1ccc(SC)cc1
139.19799999999998,CNCCCc1ccco1
147.21800000000002,CCOCCOCCNC
203.19699999999995,C1=NCO/C1=C/c1ccc2c(c1)OCO2
187.249,OC(=S)N/N=C/c1nccs1
185.252,CCC(=O)C1=NN2CSN2CC1
173.175,C(=C/c1nnno1)\c1ccccc1
197.234,N=C(/C=C/c1ccccc1F)[S-]O
206.293,CN/N=C/c1ccc(CNN(C)C)cc1
185.21,[NH2+]=CC1=N/C(=C/c2ccccc2)N=N1
191.186,c1ccc2oc(C3OCCO3)nc2c1
178.235,CCNOc1ccc(C(C)=N)cc1
176.25599999999997,CCCCC(C)OCCOCO
180.163,C/C(=N\O)c1ccc([N+](=O)[O-])cc1
191.278,CNCCCN1CNc2ccccc21
177.247,CCCCNc1ccc(C=O)cc1
195.331,CCN(C)CCSc1ccccc1
196.249,Oc1ccc(/C=C/c2ccccc2)cc1
194.186,O=COc1ccc(CCC(=O)O)cc1
196.33399999999995,C1CCC(CCC2CCOCC2)CC1
177.207,CCc1ccc(/C=N/N=N/O)cc1
199.231,COC(=O)CSc1ccnc(O)c1
196.206,O=C(OC1CCCCC1)c1cnno1
142.286,CCCCCCCCCC
152.13399999999996,CCCCNO[PH](N)=O
153.18099999999998,CCONc1ccc(O)cc1
195.17399999999995,Cc1ccc2c(c1)OC([N+](=O)[O-])CO2
183.232,COc1ccc(NC(O)=S)cc1
207.205,CCCC(=O)Oc1ccc(C(=O)[O-])cc1
164.208,CCCc1ccc(/C=N/O)cn1
182.248,CCOc1ccc(C(C)=S)nn1
193.202,CCNC(=O)c1ccc(C(=O)O)cc1
186.638,COCCOc1ccc(Cl)cc1
195.28700000000003,C[S+]CCNC(=O)c1ccccc1
196.25,CNCCCOc1cc(OC)ccn1
167.208,COc1cccc(NCCO)c1
166.17999999999998,N/N=C/c1cccc(OCO)c1
184.622,Cc1ccc(C(=O)OCCl)cc1
182.219,COc1cccc(OCCCO)c1
168.23999999999998,CC1=C(C)C(CCNO)CN=C1
199.681,ClCCNCCOc1ccccc1
174.254,CSc1ncnc(SN)n1
189.243,C(=C/c1nnns1)\c1ccccc1
168.217,Cc1ccc(OC(O)=S)cc1
147.22099999999998,CNC/C=C/c1ccccc1
167.233,C[S-]c1ccc(/C=N/O)cc1
190.202,CCc1nnc(-c2cccc(O)c2)o1
180.203,CC(=O)Cc1ccc(OCO)cc1
170.256,CCCCCC/C=N/NC(C)=O
152.197,Cc1ccncc1CCNO
181.243,CCCNC1=NC2CCCN2N=N1
179.17499999999998,OCNC1=COc2ccccc2O1
180.226,CCCN/N=C/c1ccc(F)cc1
159.214,CNCSC1N=CN=CO1
182.65,CCO/C=C/c1ccc(Cl)cc1
179.219,CN1COC(c2ccccc2)C1O
166.2,C/[NH+]=C/c1ccc(OC)c(O)c1
183.638,CC/C=N/c1ccc(Cl)c(O)c1
150.201,[NH3+]C/C=C/c1ccc(O)cc1
198.247,COc1ccc(C(=S)N[NH2+][O-])cc1
186.205,NCCNCc1ccc(F)c(F)c1
173.179,N/N=C1\N=NC(c2ccccc2)=N1
171.225,CCc1cnc(N)nc1SO
173.259,C=CN/C=C(\C)Cc1ccccc1
179.30699999999996,C(NC1CCCCC1)=C1CCCC1
178.622,N#CN/C=C/c1ccccc1Cl
186.594,O/C=C(\O)c1ccc(OCl)cc1
157.23799999999997,CCCc1nc(CO)cs1
184.63,N/N=N/NCc1ccc(Cl)cc1
171.18100000000004,O=C1CSC2=NC(O)=NNC12
179.26299999999998,CCCCNCc1ccc(O)cc1
210.624,Clc1ccc(CNc2nnon2)cc1
166.21999999999997,CCOc1ccc(CO)cc1C
195.237,CCCOc1ccc(/C=N/CF)cc1
204.222,CCOCCC(=O)OC(=O)C(C)(C)O
199.275,CCCNC(=O)C(O)c1cccs1
187.293,CC[S-]c1ncnc(SC)n1
173.55499999999998,Oc1c(Cl)cnc2c1OCO2
178.17,Cn1nnc(-c2ccc(F)cc2)n1
197.261,Cc1ccc(/[NH+]=C/c2ccccn2)cc1
201.273,C1=CCN(CNCc2ccccn2)C=C1
180.163,C/N=N/OC(=O)c1ccccc1O
204.128,OC1Oc2ccc(OF)cc2C(F)O1
166.144,Cc1nc2nc(NO)nnc2[nH]1
146.23000000000002,CCOCCCCCCO
185.23,Cc1ccc(-c2ccc(N)nn2)cc1
174.23999999999998,OCC(O)CCC1CCOCC1
197.234,COCNCc1ccc(OC)cc1O
196.637,CC(=O)N/N=C/c1ccc(Cl)cc1
153.23,C=CCc1ccn(C[S-])n1
137.182,CNCC1=CC(=O)C(C)=C1
177.20299999999995,C=CCNc1ccc2c(c1)OCO2
143.16699999999997,Cc1ncc(C(=O)O)s1
185.654,NCc1ccc(OCCCl)cc1
178.147,O=C1OC(c2cccnc2)=NC1O
156.572,ClO/N=N/c1ccccc1
180.207,CCOc1ccc(/C=N/NO)cc1
194.20999999999995,CCCc1ccc(O)c(NC(=O)[O-])c1
173.17899999999997,C(=N/c1ccccc1)\C1N=NN=N1
183.211,COc1cc(CCCO)nnc1N
166.136,O=[N+]([O-])c1ccc(/C=N/O)cc1
187.206,Cc1ncc/c(=N\c2ccncn2)[nH]1
198.24900000000005,Cc1ccc(/C=N/[n+]2cccnc2)cc1
176.26299999999998,NCCCN/C=C/c1ccccc1
177.203,C/C=C/c1ccc(/C=N/O)c(O)c1
160.17999999999998,N#Cc1ccc(/C=N/NN)cc1
181.235,CCOc1ccc(C(C)ON)cc1
170.21099999999993,c1ccc2cc3c(cc2c1)CCO3
182.614,N=NN/N=C/c1ccc(Cl)cc1
186.29899999999995,CN(O)CCCCN1CCCCC1
192.283,Cc1ccc(C2[S-]CCC2=O)cc1
167.20800000000003,Nc1ccc(CCCO)cc1O
152.153,N/N=C/c1ccc(O)c(O)c1
200.13,CP(=O)(C(=O)O)c1ccc(O)cc1
171.58299999999997,OO/N=C/c1cccc(Cl)c1
177.20299999999995,OCC1=NOC(c2ccccc2)C1
204.273,CC/N=C/c1ccc(/C=N/C)cc1OC
203.289,CNCCCNCc1cccc(C#N)c1
140.26999999999998,CCCCC1CCCCC1
179.15900000000002,O=C([O-])NN/N=C/c1ccncc1
165.23600000000002,Cc1cccc(CCCO)c1N
186.218,C(=N/Cn1nccn1)\c1ccccc1
199.257,CNc1cnc(-c2ccc(C)cc2)nc1
161.164,N#CN/N=C/c1ccc(O)cc1
152.11299999999997,N#Cc1cc(O)c(NO)nn1
195.262,CCCOc1ccc(NC)cc1OC
182.175,COc1ccc(C(=O)COO)cc1
162.232,COC(C)/C=C/c1ccccc1
201.32,CCCCSc1nc[nH]c(=S)n1
163.176,O=C(O)C/N=C/c1ccccc1
175.23800000000003,CSc1nc(/N=C/O)ns1
171.587,NN=Cc1coc(C=N[Cl-])c1
188.321,CCCc1nnc(CSC)s1
140.27,C/C=C/CCCCCCC
169.249,CC(C)C(=O)Nc1cccs1
191.259,Cc1ccc(-c2nsc(N)n2)cc1
182.135,O=[N+]([O-])c1ccc(/C=N/O)cc1O
171.23999999999995,C1CCN(OC2CCOC2)CC1
177.20700000000002,CCO/N=N/N=C/c1ccccc1
190.24600000000004,C(=N/NC1CCCO1)\c1ccccc1
203.288,CCOC(=O)c1csc([S-]C)n1
182.61,N#CNCc1ccc(Cl)cc1O
200.245,NN(Nc1ccccc1)c1ccccn1
152.15300000000002,O/N=C/COc1ccncc1
195.012,O=C(O)CC(=O)CCBr
173.25599999999997,COCCCCN1CCOCC1
189.258,CC1CCc2cc(C(N)=O)ccc2C1
164.208,CN/N=C/c1ccc(CO)cc1
158.241,COC1CCC(CO)CC1C
196.25300000000004,Cc1ccc(/N=C/c2ccccn2)cc1
161.20099999999996,COCN1CC(O)C(C)CO1
179.632,ClCCNOc1nncs1
194.253,CCCCN/N=C/c1ccc(F)cc1
153.16,N/N=N/Cc1ccc(F)cc1
177.24699999999996,OC1CCC(c2ccccn2)CC1
166.176,COc1ccc(OC(C)=O)cc1
193.206,CCOc1ccc2c(c1)nc(N)n2O
176.18300000000002,Nc1ccc(-n2nnc(N)n2)cc1
193.226,NNCCCc1ccc(C(=O)[O-])cc1
207.298,CCC/C=C/c1ccc([N+]([O-])=S)cc1
192.218,CCN/N=C/c1ccc(C(=O)O)cc1
185.61,COc1ccc(/C=N/O)cc1Cl
183.232,CC[S-]c1cccc([N+](=O)[O-])c1
166.21999999999997,CCOc1cccc(CCO)c1
156.22499999999997,CCC/C=C/C(=O)OCCC
172.611,OCc1ccc(OCCl)cc1
172.64,S/C(=N\Cl)c1cccnc1
180.207,CCCNc1ccc([N+](=O)[O-])cc1
187.202,Cc1cccc(/C=C/c2nnno2)c1
175.23099999999997,CN(C)c1ccc(/C=C/C=O)cc1
174.20299999999995,Cc1nc2ccccc2cc1NO
197.146,NOC(=O)Oc1ccc(C(=O)O)cc1
136.131,CCO[P+](C)([O-])CC
151.16899999999998,CC1=CC2=NC(O)=NC2N1C
201.233,C(=N/CNn1nccn1)\c1ccccc1
162.185,COC(=O)CCCC(O)OC
174.16700000000003,c1ccc(NN=C2N=NN=N2)cc1
180.232,Cc1ccc2nc(NO)sc2c1
159.141,O=C1CC(C(=O)O)NCC1O
151.165,OO/N=C/Cc1ccccc1
195.262,CNCCCOc1ccc(C)cc1O
192.24700000000004,Cc1cccc(Sc2nnn[nH]2)c1
208.261,CCNCCOC(=O)c1ccccc1N
192.17,COC(=O)c1ccc2c(c1)OC=CO2
149.19699999999995,CC/N=C/Cc1cccnn1
148.165,N=C/N=C/c1ccc(O)cc1
167.212,CCNCCc1ccnc(O)n1
179.219,NOc1ccc(C2CCCO2)cc1
177.182,Cn1ncc(-c2cccc(F)c2)n1
180.203,COc1ccc2c(c1)OC(C)CO2
164.16400000000002,COc1ccc(/C=N/N=O)cc1
179.17499999999998,COC(=O)c1ccc(/C=N/O)cc1
179.26300000000003,Cc1ccc(CNCCCO)cc1
176.223,Cc1ccc(/C=N/N=C(N)N)cc1
137.142,Nc1ccc(/C=N/O)cn1
178.18699999999998,COC(=O)/C=C/c1ccc(O)cc1
142.242,CCCCCC(=O)CCC
190.242,CCOC(=O)/C=C/c1ccc(C)cc1
187.582,COOc1cncc(C(=O)Cl)c1
181.26,CCSc1ccc(NC=O)cc1
165.23999999999998,NNCCCc1ccc(N)cc1
177.247,CC/N=C/COc1ccccc1C
152.28400000000002,CC(S)CCCSO
160.169,CCC(=O)CCCOC(=O)O
161.164,N#COC(=N)c1ccc(N)cc1
179.131,O=C(O)c1nc2ccc(O)cc2o1
173.21499999999992,C(=C/c1ccccc1)\C1=NCCO1
166.20499999999998,COc1cccc(SC#N)n1
203.285,C1=CCC=C(/C=C/CN2CCCO2)C=C1
197.621,O=C(/C=C/c1ccc(Cl)cc1)NO
181.191,OCCOc1ccc(/C=N/O)cc1
195.174,C=C(O)COc1ccc([N+](=O)[O-])cc1
183.226,COc1ccc(CNCCF)cc1
178.23499999999996,CCOc1ccc(/C=N/N)c(C)c1
169.611,C/C(=N\O)c1ccc(Cl)cc1
168.171,C/N=C/NOc1ccc(F)cc1
206.241,CCOC(=O)/C=C/COc1ccccc1
155.128,Oc1cccc(/C=N\OF)c1
176.17499999999998,NC(=O)/C=C/c1ccc(N=O)cc1
180.207,CO/N=N/Cc1ccccc1CO
151.21299999999997,C=C(C)CNC1C=NC(C)=N1
178.143,O=c1ccc2c(O)c(O)ccc2o1
155.18099999999998,CCCNc1nnc(C)n1[O-]
182.05,CN1CC(Cl)CC(=O)C1Cl
191.146,O=C(Oc1ccccc1)c1nnon1
166.22,OCCCC(O)c1ccccc1
177.163,COc1ccc(-c2nnno2)cc1
177.163,COc1ccc(-c2nnon2)cc1
137.13799999999998,O=C(O)Nc1ccccc1
186.218,Cc1ccc(/C=N/C2=NCN=N2)cc1
172.224,COC1CCC(C(=O)CO)CC1
189.182,Cn1ccc2nc3nc(N)nn3nc21
152.153,N=NCc1ccc(O)c(O)c1
203.225,Nc1nc(/C=C/c2ccccc2)o[n+]1N
204.697,CCCC1CCC(OC(=O)Cl)CC1
185.186,C#CN/N=C/c1nc2ccccc2o1
174.294,CN(C)CN=c1sccs1
189.214,NC(=O)CC(=O)/C=C/c1ccccc1
178.23099999999997,CCCCc1ccc2c(c1)OCO2
185.566,Nc1cc2oc(=O)oc2cc1Cl
168.196,Cc1ccnc(OCNO)c1C
189.192,COC(=O)CSc1coc(O)n1
153.181,Nc1ccc(OCCO)cc1
172.31199999999995,CCCCCCCOCCCC
173.59899999999996,NCOc1ccc(O)cc1Cl
193.227,Oc1ccc(-c2cc(O)sn2)cc1
198.225,C(=N/N=C/c1ccco1)\c1ccccc1
187.246,CCNc1cc2ccc(C)cc2nn1
188.23,O=C(N/N=C/c1ccccc1)C1CC1
191.252,CCO/C(=N\C(C)=O)SCCO
174.247,CC/C=C/N=C/c1ccc(N)cc1
187.202,Cc1cccc(N/N=C/C(=O)C#N)c1
148.165,C/N=C/c1ccc(N=O)cc1
195.262,CCc1ccc(NCC(C)OO)cc1
169.209,CSC1=NC2=NN=C(C)C2O1
173.259,CCC/C=C/C=N/c1ccccc1
188.274,CC/C=C/C=N/c1ccc(CN)cc1
181.279,O=CN1CCC(C2CCCC2)CC1
188.234,CCc1nc(-c2ccccc2)nn1N
162.192,CNc1ccc(C(=O)C=N)cc1
137.182,NCOCc1ccccc1
162.19199999999998,C/C=N/N=C/c1ccc(O)cc1
178.17,CCc1cc2cnc(F)nc2nn1
178.191,NC(CO)c1nc2ccccc2o1
193.246,CC(C)CONC(=O)c1ccccc1
181.191,COc1ccc(NC(=O)CO)cc1
193.202,CCOC(=O)c1ccc(/C=N/O)cc1
178.231,CCOc1ccc(/C=C(/C)O)cc1
190.29,c1ccc(CNN2CCCCC2)cc1
193.25,CCCCC(=O)Nc1ccnc(C)n1
196.206,CCOOC(=O)NCc1ccncc1
151.213,Cc1ccnc(NC(C)C)n1
165.261,C/N=C/c1ccc([S-]C)cc1
188.61,Cc1ccc(Cl)c(OCO)c1O
180.678,CCC/C=C/c1ccc(Cl)cc1
167.17199999999997,Cn1nnc(NC(=O)C2CC2)n1
178.231,COC(=O)Cc1ccc(C)c(C)c1
147.218,CNCCOCCCOC
180.203,CCOc1ccc(C(=O)O)cc1C
180.207,CC/N=C(\O)c1cccc(ON)c1
182.223,CCNNOc1ccc(OC)cc1
158.20399999999998,N#CCC/N=C/c1ccccc1
166.17999999999998,COc1ccc(/C(O)=N/N)cc1
150.18099999999998,OCC/N=C/c1ccncc1
198.653,COc1ccc(/C=N/NCCl)cc1
180.247,CCc1ccc(OCCOC)cc1
148.205,Cc1ccc(/C=C/CO)cc1
155.157,CCCc1ncc(ON=O)[nH]1
204.229,O=[N+]([O-])c1ccc(C2=CCCCN2)cc1
172.61100000000002,Cc1ccc(Cl)c(OCO)c1
173.188,O=Cc1ccc([S-](O)F)cc1
178.191,NC(=O)/C=N/OCc1ccccc1
171.12699999999998,O=[N+]([O-])c1ccc(OCF)cc1
203.27000000000004,Cc1ccc(/C=N/c2nncs2)cc1
188.13299999999995,NC(=O)Nc1ccc(OF)c(F)c1
199.213,C(=C/c1ncon1)\N=C\c1ccccc1
162.239,CSc1nnsc1CO
190.162,O=c1nnc(-c2cccc(O)c2)n[nH]1
191.186,CC(=O)Oc1ccc(OCC#N)cc1
165.14799999999997,OC1ON=C(c2ccccc2)O1
183.638,OCC/N=C/c1ccc(Cl)cc1
190.202,OC(Cc1ccccc1)c1nnco1
189.17,O=C(O)c1cc(-c2cccnc2)co1
206.265,CC[NH2+]/C=C/c1ccc2c(c1)OCCO2
186.21400000000003,COc1ccc(-c2ncccn2)cc1
178.275,CCC(C)C(O)Cc1ccccc1
158.23000000000002,CCCC[S-]c1nnn[nH]1
191.186,c1ccc2oc(C3COCO3)nc2c1
164.15999999999997,O=C1c2ccccc2OC1CO
155.18099999999998,C[N+](C)(ON)c1ccncn1
149.193,Cc1ccc(/C=N/CO)cc1
199.593,O=C(O)c1ccc(/C=N/O)c(Cl)c1
196.681,CN(C)C/N=C/c1ccc(Cl)cc1
178.18699999999998,OCCOc1coc2ccccc12
136.194,CCOCc1ccccc1
191.186,O=C(O)C/N=C/C(=O)c1ccccc1
146.23,CCCCCCOCCO
173.171,O=c1ccc(-c2ccccn2)co1
178.235,CCNc1cccc(C(=O)NC)c1
201.185,O=[N+]([O-])c1ccc(-c2ccccn2)cn1
